"","Date","D_RC_C","Trial","Deaths","Deaths_PD","Deaths_RC","Country","Split"
"1",2020-03-23,-0.0251706362573188,1,6077,601,0.109751643535427,"Italy",7
"2",2020-03-24,0.0100773046475877,1,6806,729,0.119828948183015,"Italy",7
"3",2020-03-25,-0.0890466234230102,1,7016,210,0.0307823247600049,"Italy",7
"4",2020-03-26,-0.0312961068251211,1,7016,0,0,"Italy",7
"5",2020-03-27,-0.0652404697937734,1,7016,0,0,"Italy",7
"6",2020-03-28,-0.0819225935839536,1,7016,0,0,"Italy",7
"7",2020-03-29,-0.0238588139417404,1,7016,0,0,"Italy",7
"8",2020-03-23,-0.0251706362573188,2,6077,601,0.109751643535427,"Italy",7
"9",2020-03-24,-0.0962533566915555,2,6160,83,0.0134982868438718,"Italy",7
"10",2020-03-25,-0.0710596750700613,2,6160,0,0,"Italy",7
"11",2020-03-26,-0.000695228395697363,2,6160,0,0,"Italy",7
"12",2020-03-27,-0.0460026570113762,2,6160,0,0,"Italy",7
"13",2020-03-28,0.0231326644108959,2,6303,143,0.0231326644108959,"Italy",7
"14",2020-03-29,-0.0990335713094395,2,6303,0,0,"Italy",7
"15",2020-03-23,-0.0251706362573188,3,6077,601,0.109751643535427,"Italy",7
"16",2020-03-24,-0.0192328041508925,3,6628,551,0.0905188393845348,"Italy",7
"17",2020-03-25,0.0178635861902212,3,7347,719,0.108382425574756,"Italy",7
"18",2020-03-26,0.00962788013640431,3,8215,868,0.11801030571116,"Italy",7
"19",2020-03-27,-0.052185282540971,3,8756,541,0.0658250231701893,"Italy",7
"20",2020-03-28,-0.0576200174447141,3,8828,72,0.00820500572547529,"Italy",7
"21",2020-03-29,-0.0056876341086984,3,8851,23,0.00251737161677689,"Italy",7
"22",2020-03-23,-0.0251706362573188,4,6077,601,0.109751643535427,"Italy",7
"23",2020-03-24,-0.0509487710092421,4,6435,358,0.0588028725261852,"Italy",7
"24",2020-03-25,-0.0289007829362589,4,6628,193,0.0299020895899263,"Italy",7
"25",2020-03-26,-0.0755564255251253,4,6628,0,0,"Italy",7
"26",2020-03-27,-0.012926286421583,4,6628,0,0,"Italy",7
"27",2020-03-28,-0.0344395186216357,4,6628,0,0,"Italy",7
"28",2020-03-29,-0.0233741609178963,4,6628,0,0,"Italy",7
"29",2020-03-23,-0.0251706362573188,5,6077,601,0.109751643535427,"Italy",7
"30",2020-03-24,-0.0592926539713636,5,6384,307,0.0504589895640637,"Italy",7
"31",2020-03-25,0.0552683248215152,5,7059,675,0.105727314385579,"Italy",7
"32",2020-03-26,-0.0735960924757018,5,7286,227,0.0321312219098771,"Italy",7
"33",2020-03-27,-0.0154863621967883,5,7408,122,0.0166448597130888,"Italy",7
"34",2020-03-28,-0.0501033598935103,5,7408,0,0,"Italy",7
"35",2020-03-29,0.0292011199162229,5,7625,217,0.0292011199162229,"Italy",7
"36",2020-03-23,-0.0251706362573188,6,6077,601,0.109751643535427,"Italy",7
"37",2020-03-24,0.0165324284290041,6,6845,768,0.126284071964431,"Italy",7
"38",2020-03-25,-0.0613224102605386,6,7290,445,0.0649616617038927,"Italy",7
"39",2020-03-26,0.00944822272241107,6,7833,543,0.0744098844263038,"Italy",7
"40",2020-03-27,0.0228157251870472,6,8595,762,0.097225609613351,"Italy",7
"41",2020-03-28,0.0396367074262401,6,9772,1177,0.136862317039591,"Italy",7
"42",2020-03-29,0.0149550381333886,6,11256,1484,0.15181735517298,"Italy",7
"43",2020-03-23,-0.0251706362573188,7,6077,601,0.109751643535427,"Italy",7
"44",2020-03-24,-0.0101164880496081,7,6683,606,0.0996351554858192,"Italy",7
"45",2020-03-25,0.0794642948140596,7,7880,1197,0.179099450299879,"Italy",7
"46",2020-03-26,-0.0260619628755922,7,9086,1206,0.153037487424287,"Italy",7
"47",2020-03-27,0.0136453055195106,7,10601,1515,0.166682792943797,"Italy",7
"48",2020-03-28,0.0703775440338813,7,13115,2514,0.237060336977678,"Italy",7
"49",2020-03-29,-0.0385463892528852,7,15719,2604,0.198513947724793,"Italy",7
"50",2020-03-23,-0.0251706362573188,8,6077,601,0.109751643535427,"Italy",7
"51",2020-03-24,-0.0256113806937904,8,6589,512,0.0841402628416369,"Italy",7
"52",2020-03-25,0.00244997358998173,8,7160,571,0.0865902364316186,"Italy",7
"53",2020-03-26,0.0140845227675006,8,7881,721,0.100674759199119,"Italy",7
"54",2020-03-27,-0.0138419617652577,8,8566,685,0.0868327974338615,"Italy",7
"55",2020-03-28,-0.0427035568105109,8,8945,379,0.0441292406233506,"Italy",7
"56",2020-03-29,0.0170845476640235,8,9493,548,0.061213788287374,"Italy",7
"57",2020-03-23,-0.0251706362573188,9,6077,601,0.109751643535427,"Italy",7
"58",2020-03-24,0.0109502398073689,9,6811,734,0.120701883342796,"Italy",7
"59",2020-03-25,0.0202957185437865,9,7772,961,0.140997601886583,"Italy",7
"60",2020-03-26,0.0371951785641923,9,9157,1385,0.178192780450775,"Italy",7
"61",2020-03-27,0.0258448150263903,9,11026,1869,0.204037595477165,"Italy",7
"62",2020-03-28,0.0259379150266823,9,13562,2536,0.229975510503848,"Italy",7
"63",2020-03-29,0.00978423450355335,9,16814,3252,0.239759745007401,"Italy",7
"64",2020-03-23,-0.0251706362573188,10,6077,601,0.109751643535427,"Italy",7
"65",2020-03-24,0.0533668786253075,10,7069,992,0.163118522160735,"Italy",7
"66",2020-03-25,0.000813584363836091,10,8228,1159,0.163932106524571,"Italy",7
"67",2020-03-26,0.0571789646954265,10,10048,1820,0.221111071219997,"Italy",7
"68",2020-03-27,-0.0360212064911209,10,11908,1860,0.185089864728877,"Italy",7
"69",2020-03-28,0.0029406172794958,10,14148,2240,0.188030482008372,"Italy",7
"70",2020-03-29,-0.0744863136805368,10,15755,1607,0.113544168327836,"Italy",7
"71",2020-03-23,-0.0251706362573188,11,6077,601,0.109751643535427,"Italy",7
"72",2020-03-24,0.0508049226675344,11,7053,976,0.160556566202962,"Italy",7
"73",2020-03-25,-0.0542053566142518,11,7804,751,0.10635120958871,"Italy",7
"74",2020-03-26,0.0113030552979237,11,8723,919,0.117654264886634,"Italy",7
"75",2020-03-27,0.0565618381739618,11,10243,1520,0.174216103060595,"Italy",7
"76",2020-03-28,-0.00232314904463772,11,12004,1761,0.171892954015958,"Italy",7
"77",2020-03-29,-0.0380964350288234,11,13611,1607,0.133796518987134,"Italy",7
"78",2020-03-23,-0.0251706362573188,12,6077,601,0.109751643535427,"Italy",7
"79",2020-03-24,-0.068382650465606,12,6329,252,0.0413689930698213,"Italy",7
"80",2020-03-25,0.0193633358040398,12,6714,385,0.0607323288738611,"Italy",7
"81",2020-03-26,0.00612836174389796,12,7163,449,0.066860690617759,"Italy",7
"82",2020-03-27,0.0521219015088278,12,8016,853,0.118982592126587,"Italy",7
"83",2020-03-28,-0.0823813678965638,12,8310,294,0.0366012242300231,"Italy",7
"84",2020-03-29,-0.0656299870157641,12,8310,0,0,"Italy",7
"85",2020-03-23,-0.0251706362573188,13,6077,601,0.109751643535427,"Italy",7
"86",2020-03-24,-0.0309009774821013,13,6557,480,0.0788506660533261,"Italy",7
"87",2020-03-25,-0.0250438685403622,13,6910,353,0.0538067975129638,"Italy",7
"88",2020-03-26,0.0169547178421103,13,7399,489,0.0707615153550742,"Italy",7
"89",2020-03-27,-0.0444448033300631,13,7594,195,0.0263167120250111,"Italy",7
"90",2020-03-28,-0.0583307376966465,13,7594,0,0,"Italy",7
"91",2020-03-29,-0.0698137319417963,13,7594,0,0,"Italy",7
"92",2020-03-23,-0.0251706362573188,14,6077,601,0.109751643535427,"Italy",7
"93",2020-03-24,0.0787265953959427,14,7223,1146,0.18847823893137,"Italy",7
"94",2020-03-25,0.0172589622459795,14,8710,1487,0.20573720117735,"Italy",7
"95",2020-03-26,-0.0398626772214811,14,10155,1445,0.165874523955868,"Italy",7
"96",2020-03-27,-0.0150722552989792,14,11687,1532,0.150802268656889,"Italy",7
"97",2020-03-28,0.0011701791289427,14,13464,1777,0.151972447785832,"Italy",7
"98",2020-03-29,-0.0322807160424096,14,15076,1612,0.119691731743422,"Italy",7
"99",2020-03-23,-0.0251706362573188,15,6077,601,0.109751643535427,"Italy",7
"100",2020-03-24,-0.0624299561605968,15,6365,288,0.0473216873748305,"Italy",7
"101",2020-03-25,0.0454121094544397,15,6956,591,0.0927337968292702,"Italy",7
"102",2020-03-26,0.017358837159456,15,7722,766,0.110092633988726,"Italy",7
"103",2020-03-27,-0.0795574242874273,15,7958,236,0.0305352097012989,"Italy",7
"104",2020-03-28,0.0625989216180905,15,8700,742,0.0931341313193894,"Italy",7
"105",2020-03-29,-0.107869496953958,15,8700,0,0,"Italy",7
"106",2020-03-23,-0.0251706362573188,16,6077,601,0.109751643535427,"Italy",7
"107",2020-03-24,0.0015794632059113,16,6754,677,0.111331106741339,"Italy",7
"108",2020-03-25,-0.015785684147458,16,7400,646,0.0955454225938806,"Italy",7
"109",2020-03-26,0.0394304631872273,16,8399,999,0.134975885781108,"Italy",7
"110",2020-03-27,-0.0552084236164626,16,9069,670,0.0797674621646453,"Italy",7
"111",2020-03-28,0.0138675857591983,16,9919,850,0.0936350479238435,"Italy",7
"112",2020-03-29,0.00230421396401341,16,10871,952,0.095939261887857,"Italy",7
"113",2020-03-23,-0.0251706362573188,17,6077,601,0.109751643535427,"Italy",7
"114",2020-03-24,-0.00128164727479652,17,6737,660,0.108469996260631,"Italy",7
"115",2020-03-25,-0.0418774751603116,17,7186,449,0.0665925211003192,"Italy",7
"116",2020-03-26,-0.00467938343235748,17,7631,445,0.0619131376679617,"Italy",7
"117",2020-03-27,-0.0190120951855863,17,7959,328,0.0429010424823754,"Italy",7
"118",2020-03-28,0.029873107117517,17,8539,580,0.0727741495998924,"Italy",7
"119",2020-03-29,-0.0785102634138107,17,8539,0,0,"Italy",7
"120",2020-03-23,-0.0251706362573188,18,6077,601,0.109751643535427,"Italy",7
"121",2020-03-24,0.0142939297607475,18,6831,754,0.124045573296175,"Italy",7
"122",2020-03-25,0.0174148247600293,18,7798,967,0.141460398056204,"Italy",7
"123",2020-03-26,-0.0015371082259314,18,8890,1092,0.139923289830273,"Italy",7
"124",2020-03-27,-0.0288743394760121,18,9878,988,0.111048950354261,"Italy",7
"125",2020-03-28,-0.058529387945275,18,10397,519,0.0525195624089857,"Italy",7
"126",2020-03-29,-0.0111229583482605,18,10828,431,0.0413966040607252,"Italy",7
"127",2020-03-23,-0.0251706362573188,19,6077,601,0.109751643535427,"Italy",7
"128",2020-03-24,-0.00233230041121646,19,6730,653,0.107419343124211,"Italy",7
"129",2020-03-25,-0.0765917265064223,19,6938,208,0.0308276166177885,"Italy",7
"130",2020-03-26,0.0266565237089841,19,7337,399,0.0574841403267727,"Italy",7
"131",2020-03-27,0.020406538549925,19,7909,572,0.0778906788766977,"Italy",7
"132",2020-03-28,-0.0436600196429056,19,8180,271,0.0342306592337921,"Italy",7
"133",2020-03-29,-0.0659549209422092,19,8180,0,0,"Italy",7
"134",2020-03-23,-0.0251706362573188,20,6077,601,0.109751643535427,"Italy",7
"135",2020-03-24,-0.0115741933886133,20,6674,597,0.098177450146814,"Italy",7
"136",2020-03-25,-0.0502369782384958,20,6994,320,0.0479404719083182,"Italy",7
"137",2020-03-26,-0.0811725329308589,20,6994,0,0,"Italy",7
"138",2020-03-27,0.00880802491841896,20,7056,62,0.00880802491841896,"Italy",7
"139",2020-03-28,-0.0284534402673901,20,7056,0,0,"Italy",7
"140",2020-03-29,-0.0664922671956684,20,7056,0,0,"Italy",7
"141",2020-03-23,-0.0251706362573188,21,6077,601,0.109751643535427,"Italy",7
"142",2020-03-24,-0.0314413492952152,21,6553,476,0.0783102942402121,"Italy",7
"143",2020-03-25,-0.0450612768813954,21,6771,218,0.0332490173588167,"Italy",7
"144",2020-03-26,-0.0540314252384432,21,6771,0,0,"Italy",7
"145",2020-03-27,-0.0446422016609504,21,6771,0,0,"Italy",7
"146",2020-03-28,-0.0192601337442978,21,6771,0,0,"Italy",7
"147",2020-03-29,-0.0729855048243891,21,6771,0,0,"Italy",7
"148",2020-03-23,-0.0251706362573188,22,6077,601,0.109751643535427,"Italy",7
"149",2020-03-24,-0.0602007375793091,22,6379,302,0.0495509059561183,"Italy",7
"150",2020-03-25,0.042873424327547,22,6969,590,0.0924243302836653,"Italy",7
"151",2020-03-26,-0.0475542329909969,22,7282,313,0.0448700972926684,"Italy",7
"152",2020-03-27,-0.00970085039819691,22,7539,257,0.0351692468944715,"Italy",7
"153",2020-03-28,-0.019924435477803,22,7654,115,0.0152448114166685,"Italy",7
"154",2020-03-29,-0.0724169525377848,22,7654,0,0,"Italy",7
"155",2020-03-23,-0.0251706362573188,23,6077,601,0.109751643535427,"Italy",7
"156",2020-03-24,-0.0355884680704296,23,6528,451,0.0741631754649977,"Italy",7
"157",2020-03-25,-0.0502291997209312,23,6685,157,0.0239339757440665,"Italy",7
"158",2020-03-26,-0.0476813526616023,23,6685,0,0,"Italy",7
"159",2020-03-27,-0.0213045076783614,23,6685,0,0,"Italy",7
"160",2020-03-28,-0.0521619098089623,23,6685,0,0,"Italy",7
"161",2020-03-29,-0.0136847158446016,23,6685,0,0,"Italy",7
"162",2020-03-23,-0.0251706362573188,24,6077,601,0.109751643535427,"Italy",7
"163",2020-03-24,0.0202905305408665,24,6868,791,0.130042174076294,"Italy",7
"164",2020-03-25,0.0559669096285995,24,8146,1278,0.186009083704893,"Italy",7
"165",2020-03-26,-0.0382470156425481,24,9350,1204,0.147762068062345,"Italy",7
"166",2020-03-27,0.0208602684207085,24,10927,1577,0.168622336483054,"Italy",7
"167",2020-03-28,-0.0431484829043163,24,12299,1372,0.125473853578738,"Italy",7
"168",2020-03-29,-0.017271916150207,24,13630,1331,0.108201937428531,"Italy",7
"169",2020-03-23,-0.0251706362573188,25,6077,601,0.109751643535427,"Italy",7
"170",2020-03-24,-0.034311540355505,25,6536,459,0.0754401031799223,"Italy",7
"171",2020-03-25,-0.00957159840933058,25,6967,431,0.0658685047705917,"Italy",7
"172",2020-03-26,0.0445412351445581,25,7737,770,0.11040973991515,"Italy",7
"173",2020-03-27,-0.00323276283503765,25,8567,830,0.107176977080112,"Italy",7
"174",2020-03-28,0.00213432332934797,25,9504,937,0.10931130040946,"Italy",7
"175",2020-03-29,-0.0313884531732796,25,10245,741,0.0779228472361805,"Italy",7
"176",2020-03-23,-0.0251706362573188,26,6077,601,0.109751643535427,"Italy",7
"177",2020-03-24,-0.0254142518847837,26,6590,513,0.0843373916506436,"Italy",7
"178",2020-03-25,-0.0487067243009134,26,6825,235,0.0356306673497302,"Italy",7
"179",2020-03-26,-0.0732739084336888,26,6825,0,0,"Italy",7
"180",2020-03-27,-0.0169601383131913,26,6825,0,0,"Italy",7
"181",2020-03-28,-0.00961701819305011,26,6825,0,0,"Italy",7
"182",2020-03-29,-0.0349455880678594,26,6825,0,0,"Italy",7
"183",2020-03-23,-0.0251706362573188,27,6077,601,0.109751643535427,"Italy",7
"184",2020-03-24,0.0343034382928981,27,6953,876,0.144055081828325,"Italy",7
"185",2020-03-25,0.00365783407898506,27,7981,1028,0.14771291590731,"Italy",7
"186",2020-03-26,-0.0339526575362237,27,8889,908,0.113760258371087,"Italy",7
"187",2020-03-27,0.00680362557884244,27,9961,1072,0.120563883949929,"Italy",7
"188",2020-03-28,-0.0369486171226147,27,10794,833,0.0836152668273145,"Italy",7
"189",2020-03-29,-0.0396139848903673,27,11269,475,0.0440012819369471,"Italy",7
"190",2020-03-23,-0.0251706362573188,28,6077,601,0.109751643535427,"Italy",7
"191",2020-03-24,-0.00157963704985158,28,6735,658,0.108172006485576,"Italy",7
"192",2020-03-25,-0.0218477914600483,28,7317,582,0.0863242150255275,"Italy",7
"193",2020-03-26,-0.0346789077865906,28,7695,378,0.0516453072389369,"Italy",7
"194",2020-03-27,-0.031809293082216,28,7848,153,0.0198360141567209,"Italy",7
"195",2020-03-28,-0.023593269505361,28,7848,0,0,"Italy",7
"196",2020-03-29,-0.0277101291427871,28,7848,0,0,"Italy",7
"197",2020-03-23,-0.0251706362573188,29,6077,601,0.109751643535427,"Italy",7
"198",2020-03-24,0.0460165769091958,29,7024,947,0.155768220444623,"Italy",7
"199",2020-03-25,-0.0710645928342854,29,7619,595,0.0847036276103377,"Italy",7
"200",2020-03-26,-0.0154366018425792,29,8147,528,0.0692670257677585,"Italy",7
"201",2020-03-27,0.0272743756028712,29,8934,787,0.0965414013706297,"Italy",7
"202",2020-03-28,-0.014562294845791,29,9667,733,0.0819791065248387,"Italy",7
"203",2020-03-29,-0.0919571741436435,29,9667,0,0,"Italy",7
"204",2020-03-23,-0.0251706362573188,30,6077,601,0.109751643535427,"Italy",7
"205",2020-03-24,0.0440031891407604,30,7012,935,0.153754832676188,"Italy",7
"206",2020-03-25,-0.0721891712766152,30,7584,572,0.0815656613995726,"Italy",7
"207",2020-03-26,-0.0941720813727699,30,7584,0,0,"Italy",7
"208",2020-03-27,-0.0783812868810117,30,7584,0,0,"Italy",7
"209",2020-03-28,-0.0686428544475311,30,7584,0,0,"Italy",7
"210",2020-03-29,-0.120054686743902,30,7584,0,0,"Italy",7
"211",2020-03-23,-0.0251706362573188,31,6077,601,0.109751643535427,"Italy",7
"212",2020-03-24,-0.0182762719068735,31,6633,556,0.0914753716285538,"Italy",7
"213",2020-03-25,-0.0348340774552134,31,7009,376,0.0566412941733404,"Italy",7
"214",2020-03-26,-0.0383457977270297,31,7138,129,0.0182954964463107,"Italy",7
"215",2020-03-27,0.0233802778665372,31,7436,298,0.0416757743128479,"Italy",7
"216",2020-03-28,-0.0661510751697279,31,7436,0,0,"Italy",7
"217",2020-03-29,-0.0311527438020984,31,7436,0,0,"Italy",7
"218",2020-03-23,-0.0251706362573188,32,6077,601,0.109751643535427,"Italy",7
"219",2020-03-24,-0.0209468844861956,32,6617,540,0.0888047590492318,"Italy",7
"220",2020-03-25,-0.0673063582165855,32,6760,143,0.0214984008326463,"Italy",7
"221",2020-03-26,-0.00561676178772476,32,6868,108,0.0158816390449215,"Italy",7
"222",2020-03-27,-0.0117191181407489,32,6897,29,0.00416252090417263,"Italy",7
"223",2020-03-28,-0.0274844121512202,32,6897,0,0,"Italy",7
"224",2020-03-29,0.0106512527117032,32,6971,74,0.0106512527117032,"Italy",7
"225",2020-03-23,-0.0251706362573188,33,6077,601,0.109751643535427,"Italy",7
"226",2020-03-24,0.00792371883790519,33,6793,716,0.117675362373333,"Italy",7
"227",2020-03-25,-0.0347384745458895,33,7357,564,0.082936887827443,"Italy",7
"228",2020-03-26,-0.00725830087099087,33,7914,557,0.0756785869564521,"Italy",7
"229",2020-03-27,-0.0530680142180999,33,8093,179,0.0226105727383522,"Italy",7
"230",2020-03-28,-0.00164043577435532,33,8263,170,0.0209701369639969,"Italy",7
"231",2020-03-29,-0.0286507067016012,33,8263,0,0,"Italy",7
"232",2020-03-23,-0.0251706362573188,34,6077,601,0.109751643535427,"Italy",7
"233",2020-03-24,-0.0473320309240362,34,6457,380,0.0624196126113911,"Italy",7
"234",2020-03-25,-0.0227603724611923,34,6714,257,0.0396592401501989,"Italy",7
"235",2020-03-26,-0.0960557333148008,34,6714,0,0,"Italy",7
"236",2020-03-27,-0.044052400215811,34,6714,0,0,"Italy",7
"237",2020-03-28,-0.0168919921447136,34,6714,0,0,"Italy",7
"238",2020-03-29,-0.077962022583803,34,6714,0,0,"Italy",7
"239",2020-03-23,-0.0251706362573188,35,6077,601,0.109751643535427,"Italy",7
"240",2020-03-24,0.0530937330756008,35,7067,990,0.162845376611028,"Italy",7
"241",2020-03-25,0.00620988057870734,35,8262,1195,0.169055257189735,"Italy",7
"242",2020-03-26,0.0258185935702485,35,9873,1611,0.194873850759984,"Italy",7
"243",2020-03-27,0.00715528063964989,35,11868,1995,0.202029131399634,"Italy",7
"244",2020-03-28,-0.0144938690945719,35,14094,2226,0.187535262305062,"Italy",7
"245",2020-03-29,-0.0688322348888433,35,15768,1674,0.118703027416219,"Italy",7
"246",2020-03-23,-0.0251706362573188,36,6077,601,0.109751643535427,"Italy",7
"247",2020-03-24,0.0107512382123117,36,6810,733,0.120502881747739,"Italy",7
"248",2020-03-25,-0.0387082993713704,36,7368,558,0.0817945823763686,"Italy",7
"249",2020-03-26,-0.00446630638876374,36,7938,570,0.0773282759876049,"Italy",7
"250",2020-03-27,-0.0152041117435523,36,8432,494,0.0621241642440526,"Italy",7
"251",2020-03-28,-0.0571217654240992,36,8475,43,0.0050023988199534,"Italy",7
"252",2020-03-29,-0.0282964743718723,36,8475,0,0,"Italy",7
"253",2020-03-23,-0.0251706362573188,37,6077,601,0.109751643535427,"Italy",7
"254",2020-03-24,-0.026672442635102,37,6582,505,0.0830792009003253,"Italy",7
"255",2020-03-25,-0.0575951511390386,37,6750,168,0.0254840497612867,"Italy",7
"256",2020-03-26,0.0372522967753698,37,7174,424,0.0627363465366565,"Italy",7
"257",2020-03-27,-0.019957832751068,37,7481,307,0.0427785137855885,"Italy",7
"258",2020-03-28,-0.0614874675450705,37,7481,0,0,"Italy",7
"259",2020-03-29,0.00420557061253538,37,7513,32,0.00420557061253538,"Italy",7
"260",2020-03-23,-0.0251706362573188,38,6077,601,0.109751643535427,"Italy",7
"261",2020-03-24,-0.0828594617209862,38,6241,164,0.0268921818144411,"Italy",7
"262",2020-03-25,0.016160280685797,38,6510,269,0.0430524625002381,"Italy",7
"263",2020-03-26,-0.06972369414652,38,6510,0,0,"Italy",7
"264",2020-03-27,0.0205208322035038,38,6644,134,0.0205208322035038,"Italy",7
"265",2020-03-28,-0.0697227765243118,38,6644,0,0,"Italy",7
"266",2020-03-29,-0.119057071280316,38,6644,0,0,"Italy",7
"267",2020-03-23,-0.0251706362573188,39,6077,601,0.109751643535427,"Italy",7
"268",2020-03-24,0.0292690960854716,39,6922,845,0.139020739620899,"Italy",7
"269",2020-03-25,-0.0604367916988763,39,7466,544,0.0785839479220225,"Italy",7
"270",2020-03-26,-0.0293546010485783,39,7834,368,0.0492293468734443,"Italy",7
"271",2020-03-27,-0.00944275705639815,39,8146,312,0.0397865898170461,"Italy",7
"272",2020-03-28,-0.0335821689635123,39,8197,51,0.00620442085353381,"Italy",7
"273",2020-03-29,-0.00708916334344039,39,8197,0,0,"Italy",7
"274",2020-03-23,-0.0251706362573188,40,6077,601,0.109751643535427,"Italy",7
"275",2020-03-24,-0.0544848836560442,40,6413,336,0.0552667598793832,"Italy",7
"276",2020-03-25,0.0185696089711141,40,6887,474,0.0738363688504972,"Italy",7
"277",2020-03-26,-0.0570799180350729,40,7003,116,0.0167564508154243,"Italy",7
"278",2020-03-27,-0.0206360127033663,40,7003,0,0,"Italy",7
"279",2020-03-28,-0.0417466711786006,40,7003,0,0,"Italy",7
"280",2020-03-29,-0.0397005871807417,40,7003,0,0,"Italy",7
"281",2020-03-23,-0.0251706362573188,41,6077,601,0.109751643535427,"Italy",7
"282",2020-03-24,0.0455902136558451,41,7022,945,0.155341857191272,"Italy",7
"283",2020-03-25,-0.026426366126978,41,7928,906,0.128915491064294,"Italy",7
"284",2020-03-26,0.0245050972459332,41,9145,1217,0.153420588310228,"Italy",7
"285",2020-03-27,0.0161784666355131,41,10696,1551,0.169599054945741,"Italy",7
"286",2020-03-28,-0.0287792860673927,41,12203,1507,0.140819768878348,"Italy",7
"287",2020-03-29,-0.0426850997862432,41,13401,1198,0.0981346690921049,"Italy",7
"288",2020-03-23,-0.0251706362573188,42,6077,601,0.109751643535427,"Italy",7
"289",2020-03-24,-0.045409477241913,42,6469,392,0.0643421662935144,"Italy",7
"290",2020-03-25,-0.0369113395166805,42,6647,178,0.0274308267768339,"Italy",7
"291",2020-03-26,-0.100841225625535,42,6647,0,0,"Italy",7
"292",2020-03-27,-0.0285791416301879,42,6647,0,0,"Italy",7
"293",2020-03-28,-0.104590211649416,42,6647,0,0,"Italy",7
"294",2020-03-29,-0.0576327347518827,42,6647,0,0,"Italy",7
"295",2020-03-23,-0.0251706362573188,43,6077,601,0.109751643535427,"Italy",7
"296",2020-03-24,0.0763026577329862,43,7208,1131,0.186054301268414,"Italy",7
"297",2020-03-25,-0.000149105274666799,43,8549,1341,0.185905195993747,"Italy",7
"298",2020-03-26,-0.00257457655947909,43,10117,1568,0.183330619434268,"Italy",7
"299",2020-03-27,0.0501705097053146,43,12480,2363,0.233501129139582,"Italy",7
"300",2020-03-28,0.0392889843861769,43,15885,3405,0.272790113525759,"Italy",7
"301",2020-03-29,-0.0178525293674291,43,19935,4050,0.25493758415833,"Italy",7
"302",2020-03-23,-0.0251706362573188,44,6077,601,0.109751643535427,"Italy",7
"303",2020-03-24,0.0418859716554302,44,6999,922,0.151637615190857,"Italy",7
"304",2020-03-25,0.00291951380397622,44,8081,1082,0.154557128994834,"Italy",7
"305",2020-03-26,-0.0571573095074381,44,8869,788,0.0973998194873956,"Italy",7
"306",2020-03-27,-0.00216369292848055,44,9714,845,0.0952361265589151,"Italy",7
"307",2020-03-28,-0.0929935604756043,44,9736,22,0.00224256608331079,"Italy",7
"308",2020-03-29,-0.0642406040854895,44,9736,0,0,"Italy",7
"309",2020-03-23,-0.0251706362573188,45,6077,601,0.109751643535427,"Italy",7
"310",2020-03-24,0.0146567434382561,45,6834,757,0.124408386973683,"Italy",7
"311",2020-03-25,-0.0696302701026559,45,7209,375,0.0547781168710275,"Italy",7
"312",2020-03-26,-0.0555674889807604,45,7209,0,0,"Italy",7
"313",2020-03-27,-0.0850376809912199,45,7209,0,0,"Italy",7
"314",2020-03-28,-0.0272615522192119,45,7209,0,0,"Italy",7
"315",2020-03-29,-0.021367922652601,45,7209,0,0,"Italy",7
"316",2020-03-23,-0.0251706362573188,46,6077,601,0.109751643535427,"Italy",7
"317",2020-03-24,-0.0496415746416713,46,6443,366,0.0601100688937561,"Italy",7
"318",2020-03-25,-0.011385879755945,46,6757,314,0.0487241891378111,"Italy",7
"319",2020-03-26,0.0495644955524825,46,7422,665,0.0982886846902935,"Italy",7
"320",2020-03-27,0.0497253366871997,46,8521,1099,0.148014021377493,"Italy",7
"321",2020-03-28,-0.01789072636998,46,9630,1109,0.130123295007513,"Italy",7
"322",2020-03-29,0.00134769377995222,46,10897,1267,0.131470988787465,"Italy",7
"323",2020-03-23,-0.0251706362573188,47,6077,601,0.109751643535427,"Italy",7
"324",2020-03-24,-0.0301011326426586,47,6562,485,0.0796505108927687,"Italy",7
"325",2020-03-25,0.00290391225259231,47,7104,542,0.0825544231453611,"Italy",7
"326",2020-03-26,-0.0642987468730365,47,7234,130,0.0182556762723246,"Italy",7
"327",2020-03-27,0.026623583618192,47,7559,325,0.0448792598905166,"Italy",7
"328",2020-03-28,-0.0218879090551089,47,7733,174,0.0229913508354078,"Italy",7
"329",2020-03-29,-0.00290729159902407,47,7889,156,0.0200840592363837,"Italy",7
"330",2020-03-23,-0.0251706362573188,48,6077,601,0.109751643535427,"Italy",7
"331",2020-03-24,0.0477778304968776,48,7035,958,0.157529474032305,"Italy",7
"332",2020-03-25,0.0201891639452165,48,8286,1251,0.177718637977521,"Italy",7
"333",2020-03-26,-0.00884135273161107,48,9686,1400,0.16887728524591,"Italy",7
"334",2020-03-27,0.0716186506803787,48,12016,2330,0.240495935926289,"Italy",7
"335",2020-03-28,-6.89489266622427e-06,48,14906,2890,0.240489041033623,"Italy",7
"336",2020-03-29,0.0410516221377382,48,19103,4197,0.281540663171361,"Italy",7
"337",2020-03-23,-0.0251706362573188,49,6077,601,0.109751643535427,"Italy",7
"338",2020-03-24,-0.0549373643912266,49,6411,334,0.0548142791442007,"Italy",7
"339",2020-03-25,-0.08482518507616,49,6411,0,0,"Italy",7
"340",2020-03-26,-0.0137246799519043,49,6411,0,0,"Italy",7
"341",2020-03-27,-0.0353744734568456,49,6411,0,0,"Italy",7
"342",2020-03-28,-0.0775355453664953,49,6411,0,0,"Italy",7
"343",2020-03-29,-0.0526756974941637,49,6411,0,0,"Italy",7
"344",2020-03-23,-0.0251706362573188,50,6077,601,0.109751643535427,"Italy",7
"345",2020-03-24,-0.00939914078270037,50,6687,610,0.100352502752727,"Italy",7
"346",2020-03-25,-0.00706208585462583,50,7311,624,0.0932904168981011,"Italy",7
"347",2020-03-26,-0.0335298202023276,50,7748,437,0.0597605966957736,"Italy",7
"348",2020-03-27,-0.0268071899476211,50,8004,256,0.0329534067481525,"Italy",7
"349",2020-03-28,0.00694179754717623,50,8324,320,0.0398952042953287,"Italy",7
"350",2020-03-29,-0.0443802466239583,50,8324,0,0,"Italy",7
"351",2020-03-23,-0.0251706362573188,51,6077,601,0.109751643535427,"Italy",7
"352",2020-03-24,0.00212799829485611,51,6757,680,0.111879641830283,"Italy",7
"353",2020-03-25,-0.0861511578863072,51,6931,174,0.0257284839439762,"Italy",7
"354",2020-03-26,0.0258726754940583,51,7289,358,0.0516011594380345,"Italy",7
"355",2020-03-27,-0.0692715847313329,51,7289,0,0,"Italy",7
"356",2020-03-28,0.0158705620920301,51,7405,116,0.0158705620920301,"Italy",7
"357",2020-03-29,0.0113788390169383,51,7607,202,0.0272494011089684,"Italy",7
"358",2020-03-23,-0.0251706362573188,52,6077,601,0.109751643535427,"Italy",7
"359",2020-03-24,-0.0503610455591879,52,6438,361,0.0593905979762394,"Italy",7
"360",2020-03-25,-0.00526150659236485,52,6787,349,0.0541290913838745,"Italy",7
"361",2020-03-26,-0.0157804730057112,52,7048,261,0.0383486183781634,"Italy",7
"362",2020-03-27,-0.0162086329501727,52,7205,157,0.0221399854279907,"Italy",7
"363",2020-03-28,-0.046994380692521,52,7205,0,0,"Italy",7
"364",2020-03-29,-0.0368876479457109,52,7205,0,0,"Italy",7
"365",2020-03-23,-0.0251706362573188,53,6077,601,0.109751643535427,"Italy",7
"366",2020-03-24,0.0264806423829431,53,6905,828,0.13623228591837,"Italy",7
"367",2020-03-25,-0.00955704295802709,53,7780,875,0.126675242960343,"Italy",7
"368",2020-03-26,-0.0367676086677841,53,8480,700,0.0899076342925593,"Italy",7
"369",2020-03-27,0.00464591240366059,53,9282,802,0.0945535466962199,"Italy",7
"370",2020-03-28,-0.00955016040706778,53,10072,790,0.0850033862891521,"Italy",7
"371",2020-03-29,-0.0111548284216373,53,10816,744,0.0738485578675148,"Italy",7
"372",2020-03-23,-0.0251706362573188,54,6077,601,0.109751643535427,"Italy",7
"373",2020-03-24,-0.00626575416684281,54,6706,629,0.103485889368585,"Italy",7
"374",2020-03-25,0.00324656662315135,54,7422,716,0.106732455991736,"Italy",7
"375",2020-03-26,-0.0372797442881159,54,7938,516,0.06945271170362,"Italy",7
"376",2020-03-27,-0.0117185446834964,54,8397,459,0.0577341670201236,"Italy",7
"377",2020-03-28,-0.000812857527595492,54,8875,478,0.0569213094925281,"Italy",7
"378",2020-03-29,-0.0103046735413883,54,9289,414,0.0466166359511398,"Italy",7
"379",2020-03-23,-0.0251706362573188,55,6077,601,0.109751643535427,"Italy",7
"380",2020-03-24,-0.012639643681632,55,6668,591,0.0971119998537953,"Italy",7
"381",2020-03-25,-0.0076336452661561,55,7265,597,0.0894783545876392,"Italy",7
"382",2020-03-26,0.0113522310193075,55,7998,733,0.100830585606947,"Italy",7
"383",2020-03-27,-0.075458133519679,55,8201,203,0.0253724520872677,"Italy",7
"384",2020-03-28,-0.0687294880401051,55,8201,0,0,"Italy",7
"385",2020-03-29,-0.0855831407595337,55,8201,0,0,"Italy",7
"386",2020-03-23,-0.0251706362573188,56,6077,601,0.109751643535427,"Italy",7
"387",2020-03-24,-0.0267305224449901,56,6582,505,0.0830211210904372,"Italy",7
"388",2020-03-25,-0.0328002549460776,56,6913,331,0.0502208661443596,"Italy",7
"389",2020-03-26,-0.0181383730773084,56,7135,222,0.0320824930670512,"Italy",7
"390",2020-03-27,-0.0370431920703822,56,7135,0,0,"Italy",7
"391",2020-03-28,-0.0122281606967541,56,7135,0,0,"Italy",7
"392",2020-03-29,-0.0265427959817585,56,7135,0,0,"Italy",7
"393",2020-03-23,-0.0251706362573188,57,6077,601,0.109751643535427,"Italy",7
"394",2020-03-24,0.0344674608221724,57,6954,877,0.1442191043576,"Italy",7
"395",2020-03-25,-0.0469083835494405,57,7631,677,0.0973107208081593,"Italy",7
"396",2020-03-26,0.0260124824909856,57,8573,942,0.123323203299145,"Italy",7
"397",2020-03-27,-0.0799242395855752,57,8946,373,0.0433989637135696,"Italy",7
"398",2020-03-28,0.00570039274186429,57,9386,440,0.0490993564554339,"Italy",7
"399",2020-03-29,0.0454327212031258,57,10274,888,0.0945320776585597,"Italy",7
"400",2020-03-23,-0.0251706362573188,58,6077,601,0.109751643535427,"Italy",7
"401",2020-03-24,-0.075859213520196,58,6283,206,0.0338924300152313,"Italy",7
"402",2020-03-25,0.0197364971555494,58,6620,337,0.0536289271707807,"Italy",7
"403",2020-03-26,-0.0983484509046843,58,6620,0,0,"Italy",7
"404",2020-03-27,-0.0926522312449571,58,6620,0,0,"Italy",7
"405",2020-03-28,-0.0929918186501733,58,6620,0,0,"Italy",7
"406",2020-03-29,-0.0674873158530523,58,6620,0,0,"Italy",7
"407",2020-03-23,-0.0251706362573188,59,6077,601,0.109751643535427,"Italy",7
"408",2020-03-24,0.0283882565272007,59,6917,840,0.138139900062628,"Italy",7
"409",2020-03-25,-0.0477135637009809,59,7543,626,0.0904263363616471,"Italy",7
"410",2020-03-26,-0.0307042883721228,59,7994,451,0.0597220479895243,"Italy",7
"411",2020-03-27,0.0242871945806518,59,8666,672,0.0840092425701761,"Italy",7
"412",2020-03-28,-0.0345118673323476,59,9095,429,0.0494973752378285,"Italy",7
"413",2020-03-29,0.00435453080640661,59,9585,490,0.0538519060442351,"Italy",7
"414",2020-03-23,-0.0251706362573188,60,6077,601,0.109751643535427,"Italy",7
"415",2020-03-24,-0.0771471081244261,60,6276,199,0.0326045354110012,"Italy",7
"416",2020-03-25,-0.0647309781173856,60,6276,0,0,"Italy",7
"417",2020-03-26,-0.0963601961489851,60,6276,0,0,"Italy",7
"418",2020-03-27,-0.0478692217622033,60,6276,0,0,"Italy",7
"419",2020-03-28,-0.0870573202738197,60,6276,0,0,"Italy",7
"420",2020-03-29,-0.0515888045428706,60,6276,0,0,"Italy",7
"421",2020-03-23,-0.0251706362573188,61,6077,601,0.109751643535427,"Italy",7
"422",2020-03-24,0.014734171549453,61,6834,757,0.12448581508488,"Italy",7
"423",2020-03-25,-0.0517137544346264,61,7332,498,0.0727720606502539,"Italy",7
"424",2020-03-26,-0.0498217259344834,61,7501,169,0.0229503347157706,"Italy",7
"425",2020-03-27,-0.000181008511594926,61,7672,171,0.0227693262041756,"Italy",7
"426",2020-03-28,-0.027472193387785,61,7672,0,0,"Italy",7
"427",2020-03-29,-0.00331262833461931,61,7672,0,0,"Italy",7
"428",2020-03-23,-0.0251706362573188,62,6077,601,0.109751643535427,"Italy",7
"429",2020-03-24,-0.0375501156106276,62,6516,439,0.0722015279247997,"Italy",7
"430",2020-03-25,0.0356773112797176,62,7219,703,0.107878839204517,"Italy",7
"431",2020-03-26,-0.0110955776094889,62,7918,699,0.0967832615950284,"Italy",7
"432",2020-03-27,0.0130574415231689,62,8788,870,0.109840703118197,"Italy",7
"433",2020-03-28,-0.0350877188697412,62,9445,657,0.0747529842484561,"Italy",7
"434",2020-03-29,-0.028380793197227,62,9883,438,0.0463721910512291,"Italy",7
"435",2020-03-23,-0.0251706362573188,63,6077,601,0.109751643535427,"Italy",7
"436",2020-03-24,-0.0463784207143951,63,6463,386,0.0633732228210322,"Italy",7
"437",2020-03-25,-0.100755590748632,63,6463,0,0,"Italy",7
"438",2020-03-26,-0.0313256429777465,63,6463,0,0,"Italy",7
"439",2020-03-27,-0.0303338769019089,63,6463,0,0,"Italy",7
"440",2020-03-28,-0.0640515054011901,63,6463,0,0,"Italy",7
"441",2020-03-29,-0.0469236747438212,63,6463,0,0,"Italy",7
"442",2020-03-23,-0.0251706362573188,64,6077,601,0.109751643535427,"Italy",7
"443",2020-03-24,-0.07024810441329,64,6318,241,0.0395035391221374,"Italy",7
"444",2020-03-25,-0.00961595952849511,64,6507,189,0.0298875795936423,"Italy",7
"445",2020-03-26,0.0482996040729232,64,7016,509,0.0781871836665655,"Italy",7
"446",2020-03-27,-0.0332907864209381,64,7331,315,0.0448963972456274,"Italy",7
"447",2020-03-28,-0.106229034182592,64,7331,0,0,"Italy",7
"448",2020-03-29,-0.016236388360378,64,7331,0,0,"Italy",7
"449",2020-03-23,-0.0251706362573188,65,6077,601,0.109751643535427,"Italy",7
"450",2020-03-24,-0.0615327915370199,65,6371,294,0.0482188519984074,"Italy",7
"451",2020-03-25,0.0203995380332778,65,6809,438,0.0686183900316853,"Italy",7
"452",2020-03-26,-0.0330992157295582,65,7051,242,0.0355191743021271,"Italy",7
"453",2020-03-27,-0.0532639810031014,65,7051,0,0,"Italy",7
"454",2020-03-28,0.00547144533711431,65,7090,39,0.00547144533711431,"Italy",7
"455",2020-03-29,0.00179904790250165,65,7142,52,0.00727049323961596,"Italy",7
"456",2020-03-23,-0.0251706362573188,66,6077,601,0.109751643535427,"Italy",7
"457",2020-03-24,-0.0410544718095723,66,6495,418,0.068697171725855,"Italy",7
"458",2020-03-25,-0.0646441262037244,66,6522,27,0.00405304552213064,"Italy",7
"459",2020-03-26,-0.031842908188164,66,6522,0,0,"Italy",7
"460",2020-03-27,-0.0550431593088316,66,6522,0,0,"Italy",7
"461",2020-03-28,-0.0785366031571748,66,6522,0,0,"Italy",7
"462",2020-03-29,-0.0152830983562955,66,6522,0,0,"Italy",7
"463",2020-03-23,-0.0251706362573188,67,6077,601,0.109751643535427,"Italy",7
"464",2020-03-24,0.00957488945299728,67,6803,726,0.119326532988425,"Italy",7
"465",2020-03-25,-0.0147081812809267,67,7515,712,0.104618351707498,"Italy",7
"466",2020-03-26,0.00212160606453153,67,8318,803,0.106739957772029,"Italy",7
"467",2020-03-27,-0.0515308932067123,67,8778,460,0.0552090645653172,"Italy",7
"468",2020-03-28,0.00899821402884586,67,9342,564,0.0642072785941631,"Italy",7
"469",2020-03-29,-0.0475617287397042,67,9498,156,0.0166455498544589,"Italy",7
"470",2020-03-23,-0.0251706362573188,68,6077,601,0.109751643535427,"Italy",7
"471",2020-03-24,-0.0203761062914862,68,6621,544,0.0893755372439411,"Italy",7
"472",2020-03-25,-0.0232197644062943,68,7060,439,0.0661557728376468,"Italy",7
"473",2020-03-26,-0.0591693207114279,68,7110,50,0.00698645212621891,"Italy",7
"474",2020-03-27,-0.0702315604404695,68,7110,0,0,"Italy",7
"475",2020-03-28,-0.133624062038341,68,7110,0,0,"Italy",7
"476",2020-03-29,-0.0579791277320957,68,7110,0,0,"Italy",7
"477",2020-03-23,-0.0251706362573188,69,6077,601,0.109751643535427,"Italy",7
"478",2020-03-24,-0.037467729731605,69,6517,440,0.0722839138038223,"Italy",7
"479",2020-03-25,0.0631372602516719,69,7400,883,0.135421174055494,"Italy",7
"480",2020-03-26,-0.0032896689165362,69,8378,978,0.132131505138958,"Italy",7
"481",2020-03-27,0.00924330955688852,69,9563,1185,0.141374814695846,"Italy",7
"482",2020-03-28,0.0227756973320985,69,11133,1570,0.164150512027945,"Italy",7
"483",2020-03-29,0.0307550392352305,69,13303,2170,0.194905551263175,"Italy",7
"484",2020-03-23,-0.0251706362573188,70,6077,601,0.109751643535427,"Italy",7
"485",2020-03-24,-0.006784911018777,70,6703,626,0.10296673251665,"Italy",7
"486",2020-03-25,-0.00832380040536814,70,7338,635,0.0946429321112822,"Italy",7
"487",2020-03-26,-0.0769595345787988,70,7468,130,0.0176833975324834,"Italy",7
"488",2020-03-27,0.00915809283450296,70,7669,201,0.0268414903669864,"Italy",7
"489",2020-03-28,-0.000908782532720798,70,7868,199,0.0259327078342656,"Italy",7
"490",2020-03-29,-0.047348660683015,70,7868,0,0,"Italy",7
"491",2020-03-23,-0.0251706362573188,71,6077,601,0.109751643535427,"Italy",7
"492",2020-03-24,-0.0328954871851369,71,6545,468,0.0768561563502904,"Italy",7
"493",2020-03-25,-0.0171215604763383,71,6936,391,0.0597345958739521,"Italy",7
"494",2020-03-26,-0.0222495692657488,71,7196,260,0.0374850266082034,"Italy",7
"495",2020-03-27,-0.0190041500682974,71,7329,133,0.018480876539906,"Italy",7
"496",2020-03-28,-0.0248399958289826,71,7329,0,0,"Italy",7
"497",2020-03-29,-0.0564872015874011,71,7329,0,0,"Italy",7
"498",2020-03-23,-0.0251706362573188,72,6077,601,0.109751643535427,"Italy",7
"499",2020-03-24,-0.0453416768117423,72,6469,392,0.064409966723685,"Italy",7
"500",2020-03-25,-0.0204207237549996,72,6754,285,0.0439892429686854,"Italy",7
"501",2020-03-26,-0.022058190569519,72,6903,149,0.0219310523991664,"Italy",7
"502",2020-03-27,0.00936639728214854,72,7120,217,0.0312974496813149,"Italy",7
"503",2020-03-28,-0.00614758538681305,72,7300,180,0.0251498642945019,"Italy",7
"504",2020-03-29,-0.0246605302453737,72,7304,4,0.000489334049128182,"Italy",7
"505",2020-03-23,-0.0251706362573188,73,6077,601,0.109751643535427,"Italy",7
"506",2020-03-24,-0.0153565835794167,73,6651,574,0.0943950599560106,"Italy",7
"507",2020-03-25,-0.0522924349744873,73,6932,281,0.0421026249815233,"Italy",7
"508",2020-03-26,0.0230786391905619,73,7384,452,0.0651812641720851,"Italy",7
"509",2020-03-27,-0.013918927273474,73,7763,379,0.0512623368986111,"Italy",7
"510",2020-03-28,0.00455400167661819,73,8197,434,0.0558163385752293,"Italy",7
"511",2020-03-29,-0.0726864411311173,73,8197,0,0,"Italy",7
"512",2020-03-23,-0.0251706362573188,74,6077,601,0.109751643535427,"Italy",7
"513",2020-03-24,-0.059100590070014,74,6385,308,0.0506510534654133,"Italy",7
"514",2020-03-25,-0.0241746078806733,74,6555,170,0.02647644558474,"Italy",7
"515",2020-03-26,0.0145233297006093,74,6824,269,0.0409997752853493,"Italy",7
"516",2020-03-27,-0.011503252647387,74,7026,202,0.0294965226379623,"Italy",7
"517",2020-03-28,0.0155006606116264,74,7343,317,0.0449971832495887,"Italy",7
"518",2020-03-29,-0.0367159431883821,74,7404,61,0.00828124006120665,"Italy",7
"519",2020-03-23,-0.0251706362573188,75,6077,601,0.109751643535427,"Italy",7
"520",2020-03-24,0.0578902670773874,75,7096,1019,0.167641910612815,"Italy",7
"521",2020-03-25,-0.0250217167894219,75,8109,1013,0.142620193823393,"Italy",7
"522",2020-03-26,0.00596080545633481,75,9314,1205,0.148580999279728,"Italy",7
"523",2020-03-27,-0.040179495885333,75,10324,1010,0.108401503394395,"Italy",7
"524",2020-03-28,-0.0349157557068978,75,11083,759,0.0734857476874969,"Italy",7
"525",2020-03-29,-0.0421197857050722,75,11431,348,0.0313659619824247,"Italy",7
"526",2020-03-23,-0.0251706362573188,76,6077,601,0.109751643535427,"Italy",7
"527",2020-03-24,0.017316575574189,76,6850,773,0.127068219109616,"Italy",7
"528",2020-03-25,0.0319875582121927,76,7940,1090,0.159055777321809,"Italy",7
"529",2020-03-26,-0.0789009061293685,76,8577,637,0.0801548711924406,"Italy",7
"530",2020-03-27,0.0106517951730583,76,9356,779,0.0908066663654989,"Italy",7
"531",2020-03-28,-0.0324879570706288,76,9902,546,0.0583187092948701,"Italy",7
"532",2020-03-29,-0.0448585846550907,76,10036,134,0.0134601246397794,"Italy",7
"533",2020-03-23,-0.0251706362573188,77,6077,601,0.109751643535427,"Italy",7
"534",2020-03-24,0.0748193049371551,77,7199,1122,0.184570948472582,"Italy",7
"535",2020-03-25,-0.00176917270565864,77,8515,1316,0.182801775766924,"Italy",7
"536",2020-03-26,-0.0359044923102406,77,9766,1251,0.146897283456683,"Italy",7
"537",2020-03-27,-0.0274988088081361,77,10933,1167,0.119398474648547,"Italy",7
"538",2020-03-28,-0.036667051965237,77,11838,905,0.0827314226833101,"Italy",7
"539",2020-03-29,0.0101810656295889,77,12938,1100,0.092912488312899,"Italy",7
"540",2020-03-23,-0.0251706362573188,78,6077,601,0.109751643535427,"Italy",7
"541",2020-03-24,-0.0673431290907409,78,6335,258,0.0424085144446864,"Italy",7
"542",2020-03-25,-0.0124911412975727,78,6525,190,0.0299173731471137,"Italy",7
"543",2020-03-26,0.00274269711302547,78,6739,214,0.0326600702601392,"Italy",7
"544",2020-03-27,-0.025461286011024,78,6788,49,0.0071987842491152,"Italy",7
"545",2020-03-28,0.00406220960615726,78,6865,77,0.0112609938552725,"Italy",7
"546",2020-03-29,-0.0187778943930892,78,6865,0,0,"Italy",7
"547",2020-03-23,-0.0251706362573188,79,6077,601,0.109751643535427,"Italy",7
"548",2020-03-24,-0.017300619511579,79,6639,562,0.0924510240238484,"Italy",7
"549",2020-03-25,0.0163529885125389,79,7362,723,0.108804012536387,"Italy",7
"550",2020-03-26,-0.0484577158000113,79,7807,445,0.060346296736376,"Italy",7
"551",2020-03-27,-0.0251541923637809,79,8082,275,0.0351921043725951,"Italy",7
"552",2020-03-28,-0.0173133530055073,79,8227,145,0.0178787513670878,"Italy",7
"553",2020-03-29,-0.0202025228061587,79,8227,0,0,"Italy",7
"554",2020-03-23,-0.0251706362573188,80,6077,601,0.109751643535427,"Italy",7
"555",2020-03-24,0.0195309047271439,80,6863,786,0.129282548262571,"Italy",7
"556",2020-03-25,-0.00679382314086498,80,7704,841,0.122488725121706,"Italy",7
"557",2020-03-26,-0.0162585078004657,80,8523,819,0.106230217321241,"Italy",7
"558",2020-03-27,-0.0752429051687364,80,8788,265,0.0309873121525042,"Italy",7
"559",2020-03-28,-0.0410567079824954,80,8788,0,0,"Italy",7
"560",2020-03-29,0.00736217153194282,80,8853,65,0.00736217153194282,"Italy",7
"561",2020-03-23,-0.0251706362573188,81,6077,601,0.109751643535427,"Italy",7
"562",2020-03-24,-0.0399170411908612,81,6502,425,0.0698346023445661,"Italy",7
"563",2020-03-25,-0.0418720052162251,81,6684,182,0.027962597128341,"Italy",7
"564",2020-03-26,-0.0387233500950172,81,6684,0,0,"Italy",7
"565",2020-03-27,-0.00709915300576114,81,6684,0,0,"Italy",7
"566",2020-03-28,-0.0396779135259612,81,6684,0,0,"Italy",7
"567",2020-03-29,-0.0337095471451404,81,6684,0,0,"Italy",7
"568",2020-03-23,-0.0251706362573188,82,6077,601,0.109751643535427,"Italy",7
"569",2020-03-24,-0.0353239135171023,82,6530,453,0.0744277300183251,"Italy",7
"570",2020-03-25,0.00245259085784592,82,7033,503,0.076880320876171,"Italy",7
"571",2020-03-26,-0.0495417090321732,82,7226,193,0.0273386118439978,"Italy",7
"572",2020-03-27,0.00369573739573658,82,7451,225,0.0310343492397343,"Italy",7
"573",2020-03-28,-0.0114831182319284,82,7597,146,0.019551231007806,"Italy",7
"574",2020-03-29,8.38984239157625e-05,82,7747,150,0.0196351294317217,"Italy",7
"575",2020-03-23,-0.0251706362573188,83,6077,601,0.109751643535427,"Italy",7
"576",2020-03-24,-0.0178759327700932,83,6636,559,0.0918757107653342,"Italy",7
"577",2020-03-25,-0.0294937168128073,83,7050,414,0.0623819939525269,"Italy",7
"578",2020-03-26,-0.00650195659016633,83,7444,394,0.0558800373623606,"Italy",7
"579",2020-03-27,-0.0144725920317516,83,7753,309,0.041407445330609,"Italy",7
"580",2020-03-28,-0.00682562273925669,83,8022,269,0.0345818225913523,"Italy",7
"581",2020-03-29,-0.0491816685858602,83,8022,0,0,"Italy",7
"582",2020-03-23,-0.0251706362573188,84,6077,601,0.109751643535427,"Italy",7
"583",2020-03-24,-0.0343780647332039,84,6536,459,0.0753735788022234,"Italy",7
"584",2020-03-25,-0.0100406273417768,84,6964,428,0.0653329514604466,"Italy",7
"585",2020-03-26,-0.017803408658648,84,7295,331,0.0475295428017986,"Italy",7
"586",2020-03-27,-0.00546120168175358,84,7602,307,0.042068341120045,"Italy",7
"587",2020-03-28,-0.0368988894693774,84,7642,40,0.00516945165066757,"Italy",7
"588",2020-03-29,-0.0298495819711513,84,7642,0,0,"Italy",7
"589",2020-03-23,-0.0251706362573188,85,6077,601,0.109751643535427,"Italy",7
"590",2020-03-24,0.0659535686676029,85,7145,1068,0.17570521220303,"Italy",7
"591",2020-03-25,0.0355120313307733,85,8655,1510,0.211217243533804,"Italy",7
"592",2020-03-26,0.051936026184829,85,10933,2278,0.263153269718633,"Italy",7
"593",2020-03-27,-0.134703273692757,85,12338,1405,0.128449996025876,"Italy",7
"594",2020-03-28,-0.0188754675544383,85,13690,1352,0.109574528471438,"Italy",7
"595",2020-03-29,-0.0135144717982103,85,15006,1316,0.0960600566732273,"Italy",7
"596",2020-03-23,-0.0251706362573188,86,6077,601,0.109751643535427,"Italy",7
"597",2020-03-24,-0.0149598883312018,86,6654,577,0.0947917552042256,"Italy",7
"598",2020-03-25,0.0292757941732402,86,7480,826,0.124067549377466,"Italy",7
"599",2020-03-26,-0.0326780331666126,86,8164,684,0.0913895162108532,"Italy",7
"600",2020-03-27,0.027273735058725,86,9133,969,0.118663251269578,"Italy",7
"601",2020-03-28,-0.0310629097512123,86,9934,801,0.0876003415183659,"Italy",7
"602",2020-03-29,0.00386173635356788,86,10843,909,0.0914620778719337,"Italy",7
"603",2020-03-23,-0.0251706362573188,87,6077,601,0.109751643535427,"Italy",7
"604",2020-03-24,-0.0122317156025338,87,6670,593,0.0975199279328935,"Italy",7
"605",2020-03-25,-0.0771229955507363,87,6807,137,0.0203969323821572,"Italy",7
"606",2020-03-26,-0.112068086378069,87,6807,0,0,"Italy",7
"607",2020-03-27,-0.0414860885949071,87,6807,0,0,"Italy",7
"608",2020-03-28,0.00706466852501324,87,6856,49,0.00706466852501324,"Italy",7
"609",2020-03-29,-0.0942588880639756,87,6856,0,0,"Italy",7
"610",2020-03-23,-0.0251706362573188,88,6077,601,0.109751643535427,"Italy",7
"611",2020-03-24,-0.00810223199657513,88,6695,618,0.101649411538852,"Italy",7
"612",2020-03-25,-0.00435485400198525,88,7347,652,0.0972945575368669,"Italy",7
"613",2020-03-26,-0.040787615298642,88,7763,416,0.0565069422382249,"Italy",7
"614",2020-03-27,0.0309891538657104,88,8443,680,0.0874960961039353,"Italy",7
"615",2020-03-28,0.0496703647557268,88,9602,1159,0.137166460859662,"Italy",7
"616",2020-03-29,0.0182838829816369,88,11095,1493,0.155450343841299,"Italy",7
"617",2020-03-23,-0.0251706362573188,89,6077,601,0.109751643535427,"Italy",7
"618",2020-03-24,-0.0185877832133464,89,6632,555,0.0911638603220809,"Italy",7
"619",2020-03-25,-0.00235194878935015,89,7222,590,0.0888119115327308,"Italy",7
"620",2020-03-26,0.0128433359489765,89,7957,735,0.101655247481707,"Italy",7
"621",2020-03-27,0.04814649899947,89,9149,1192,0.149801746481177,"Italy",7
"622",2020-03-28,-0.023090554041956,89,10309,1160,0.126711192439221,"Italy",7
"623",2020-03-29,-0.0809244937156877,89,10782,473,0.0457866987235335,"Italy",7
"624",2020-03-23,-0.0251706362573188,90,6077,601,0.109751643535427,"Italy",7
"625",2020-03-24,-0.0766845147411079,90,6278,201,0.0330671287943194,"Italy",7
"626",2020-03-25,-0.0865104831327598,90,6278,0,0,"Italy",7
"627",2020-03-26,-0.00285516390322788,90,6278,0,0,"Italy",7
"628",2020-03-27,-0.000325597316074084,90,6278,0,0,"Italy",7
"629",2020-03-28,-0.0596709181265892,90,6278,0,0,"Italy",7
"630",2020-03-29,-0.0429284284588321,90,6278,0,0,"Italy",7
"631",2020-03-23,-0.0251706362573188,91,6077,601,0.109751643535427,"Italy",7
"632",2020-03-24,-0.101603934092406,91,6127,50,0.00814770944302157,"Italy",7
"633",2020-03-25,0.0559360107225184,91,6520,393,0.06408372016554,"Italy",7
"634",2020-03-26,-0.0924036987053123,91,6520,0,0,"Italy",7
"635",2020-03-27,0.0238973665540885,91,6676,156,0.0238973665540885,"Italy",7
"636",2020-03-28,0.158446514757519,91,7894,1218,0.182343881311607,"Italy",7
"637",2020-03-29,-0.11126222841171,91,8456,562,0.0710816528998974,"Italy",7
"638",2020-03-23,-0.0251706362573188,92,6077,601,0.109751643535427,"Italy",7
"639",2020-03-24,-0.00914914573959338,92,6689,612,0.100602497795834,"Italy",7
"640",2020-03-25,0.0419781229218146,92,7643,954,0.142580620717649,"Italy",7
"641",2020-03-26,0.00328453644640969,92,8758,1115,0.145865157164058,"Italy",7
"642",2020-03-27,0.0238878373401271,92,10245,1487,0.169752994504185,"Italy",7
"643",2020-03-28,0.0305629818900597,92,12298,2053,0.200315976394245,"Italy",7
"644",2020-03-29,-0.0758058982215806,92,13830,1532,0.124510078172664,"Italy",7
"645",2020-03-23,-0.0251706362573188,93,6077,601,0.109751643535427,"Italy",7
"646",2020-03-24,-0.0336348456259282,93,6540,463,0.0761167979094991,"Italy",7
"647",2020-03-25,-0.0113825382415623,93,6964,424,0.0647342596679368,"Italy",7
"648",2020-03-26,-0.0274536018925553,93,7224,260,0.0372806577753814,"Italy",7
"649",2020-03-27,-0.0262381306249558,93,7304,80,0.0110425271504256,"Italy",7
"650",2020-03-28,-0.00635739391777835,93,7339,35,0.00468513323264724,"Italy",7
"651",2020-03-29,-0.00844160403942973,93,7339,0,0,"Italy",7
"652",2020-03-23,-0.0251706362573188,94,6077,601,0.109751643535427,"Italy",7
"653",2020-03-24,0.00257259459120151,94,6760,683,0.112324238126629,"Italy",7
"654",2020-03-25,0.0375042530061933,94,7773,1013,0.149828491132822,"Italy",7
"655",2020-03-26,0.0211788757406663,94,9103,1330,0.171007366873488,"Italy",7
"656",2020-03-27,0.0867662389971027,94,11450,2347,0.257773605870591,"Italy",7
"657",2020-03-28,0.0772979103293744,94,15287,3837,0.335071516199966,"Italy",7
"658",2020-03-29,-0.0264661608183823,94,20005,4718,0.308605355381583,"Italy",7
"659",2020-03-23,-0.0251706362573188,95,6077,601,0.109751643535427,"Italy",7
"660",2020-03-24,-0.0395318985408716,95,6504,427,0.0702197449945557,"Italy",7
"661",2020-03-25,-0.0513600697532582,95,6627,123,0.0188596752412975,"Italy",7
"662",2020-03-26,-0.00296976495727976,95,6733,106,0.0158899102840177,"Italy",7
"663",2020-03-27,-0.0346874431203538,95,6733,0,0,"Italy",7
"664",2020-03-28,-0.0179949202181065,95,6733,0,0,"Italy",7
"665",2020-03-29,-0.0261772271178968,95,6733,0,0,"Italy",7
"666",2020-03-23,-0.0251706362573188,96,6077,601,0.109751643535427,"Italy",7
"667",2020-03-24,0.00661407231368766,96,6785,708,0.116365715849115,"Italy",7
"668",2020-03-25,0.0623057943623724,96,7998,1213,0.178671510211487,"Italy",7
"669",2020-03-26,0.0335719648213642,96,9696,1698,0.212243475032852,"Italy",7
"670",2020-03-27,0.0273880523824053,96,12020,2324,0.239631527415257,"Italy",7
"671",2020-03-28,0.054045687745115,96,15551,3531,0.293677215160372,"Italy",7
"672",2020-03-29,0.0330443820446756,96,20632,5081,0.326721597205047,"Italy",7
"673",2020-03-23,-0.0251706362573188,97,6077,601,0.109751643535427,"Italy",7
"674",2020-03-24,-0.0590540390110339,97,6386,309,0.0506976045243934,"Italy",7
"675",2020-03-25,-0.0615102304273898,97,6386,0,0,"Italy",7
"676",2020-03-26,-0.0152347217632192,97,6386,0,0,"Italy",7
"677",2020-03-27,-0.0469146985236597,97,6386,0,0,"Italy",7
"678",2020-03-28,-0.0291873743155803,97,6386,0,0,"Italy",7
"679",2020-03-29,-0.0348167699968112,97,6386,0,0,"Italy",7
"680",2020-03-23,-0.0251706362573188,98,6077,601,0.109751643535427,"Italy",7
"681",2020-03-24,-0.0772140351429295,98,6275,198,0.0325376083924978,"Italy",7
"682",2020-03-25,-0.0272994060148756,98,6308,33,0.00523820237762222,"Italy",7
"683",2020-03-26,-0.029770590935739,98,6308,0,0,"Italy",7
"684",2020-03-27,-0.0292899405523972,98,6308,0,0,"Italy",7
"685",2020-03-28,-0.0552043356285253,98,6308,0,0,"Italy",7
"686",2020-03-29,-0.050559594352088,98,6308,0,0,"Italy",7
"687",2020-03-23,-0.0251706362573188,99,6077,601,0.109751643535427,"Italy",7
"688",2020-03-24,-0.00322890159533273,99,6725,648,0.106522741940095,"Italy",7
"689",2020-03-25,-0.0128065352211962,99,7356,631,0.0937162067188985,"Italy",7
"690",2020-03-26,-0.0489733198743903,99,7686,330,0.0447428868445081,"Italy",7
"691",2020-03-27,0.0517620446578584,99,8428,742,0.0965049315023665,"Italy",7
"692",2020-03-28,-0.0844873116607623,99,8530,102,0.0120176198416042,"Italy",7
"693",2020-03-29,-0.0196770929716991,99,8530,0,0,"Italy",7
"694",2020-03-23,-0.0251706362573188,100,6077,601,0.109751643535427,"Italy",7
"695",2020-03-24,-0.0103996809987028,100,6681,604,0.0993519625367246,"Italy",7
"696",2020-03-25,-0.0259926873110425,100,7172,491,0.0733592752256821,"Italy",7
"697",2020-03-26,-0.051041028064772,100,7333,161,0.0223182471609101,"Italy",7
"698",2020-03-27,-0.0364142182848172,100,7333,0,0,"Italy",7
"699",2020-03-28,-0.0325055640205919,100,7333,0,0,"Italy",7
"700",2020-03-29,-0.0374727961402519,100,7333,0,0,"Italy",7
